{
    "3.45": {
        "args": [
            1.22345675,
            2.2267
        ],
        "kwargs": {
            "round_param": 2
        }
    }
}{
    "3.45": {
        "args": [
            1.22345675,
            2.2267,
            2
        ],
        "kwargs": {}
    }
}